-- Inserciones para Usuario (50 usuarios)
INSERT INTO Usuario (Nombre, Email, Fecha_Registro) VALUES
('Ana Pérez', 'ana.perez@email.com', NOW() - INTERVAL '30 days'),
('Luis Gómez', 'luis.gomez@email.com', NOW() - INTERVAL '25 days'),
('María López', 'maria.lopez@email.com', NOW() - INTERVAL '20 days'),
('Carlos Díaz', 'carlos.diaz@email.com', NOW() - INTERVAL '18 days'),
('Sofía Morales', 'sofia.morales@email.com', NOW() - INTERVAL '15 days'),
('Jorge Herrera', 'jorge.herrera@email.com', NOW() - INTERVAL '14 days'),
('Elena Ruiz', 'elena.ruiz@email.com', NOW() - INTERVAL '13 days'),
('David Castillo', 'david.castillo@email.com', NOW() - INTERVAL '12 days'),
('Gabriela Rivas', 'gabriela.rivas@email.com', NOW() - INTERVAL '11 days'),
('Andrés Jiménez', 'andres.jimenez@email.com', NOW() - INTERVAL '10 days'),
-- 40 usuarios:
('Usuario11', 'usuario11@email.com', NOW() - INTERVAL '9 days'),
('Usuario12', 'usuario12@email.com', NOW() - INTERVAL '8 days'),
('Usuario13', 'usuario13@email.com', NOW() - INTERVAL '7 days'),
('Usuario14', 'usuario14@email.com', NOW() - INTERVAL '6 days'),
('Usuario15', 'usuario15@email.com', NOW() - INTERVAL '5 days'),
('Usuario16', 'usuario16@email.com', NOW() - INTERVAL '4 days'),
('Usuario17', 'usuario17@email.com', NOW() - INTERVAL '3 days'),
('Usuario18', 'usuario18@email.com', NOW() - INTERVAL '2 days'),
('Usuario19', 'usuario19@email.com', NOW() - INTERVAL '1 day'),
('Usuario20', 'usuario20@email.com', NOW()),
('Usuario21', 'usuario21@email.com', NOW()),
('Usuario22', 'usuario22@email.com', NOW()),
('Usuario23', 'usuario23@email.com', NOW()),
('Usuario24', 'usuario24@email.com', NOW()),
('Usuario25', 'usuario25@email.com', NOW()),
('Usuario26', 'usuario26@email.com', NOW()),
('Usuario27', 'usuario27@email.com', NOW()),
('Usuario28', 'usuario28@email.com', NOW()),
('Usuario29', 'usuario29@email.com', NOW()),
('Usuario30', 'usuario30@email.com', NOW()),
('Usuario31', 'usuario31@email.com', NOW()),
('Usuario32', 'usuario32@email.com', NOW()),
('Usuario33', 'usuario33@email.com', NOW()),
('Usuario34', 'usuario34@email.com', NOW()),
('Usuario35', 'usuario35@email.com', NOW()),
('Usuario36', 'usuario36@email.com', NOW()),
('Usuario37', 'usuario37@email.com', NOW()),
('Usuario38', 'usuario38@email.com', NOW()),
('Usuario39', 'usuario39@email.com', NOW()),
('Usuario40', 'usuario40@email.com', NOW()),
('Usuario41', 'usuario41@email.com', NOW()),
('Usuario42', 'usuario42@email.com', NOW()),
('Usuario43', 'usuario43@email.com', NOW()),
('Usuario44', 'usuario44@email.com', NOW()),
('Usuario45', 'usuario45@email.com', NOW()),
('Usuario46', 'usuario46@email.com', NOW()),
('Usuario47', 'usuario47@email.com', NOW()),
('Usuario48', 'usuario48@email.com', NOW()),
('Usuario49', 'usuario49@email.com', NOW()),
('Usuario50', 'usuario50@email.com', NOW());

-- Inserciones para Usuario_Telefono (cada usuario con 1 o 2 teléfonos)
INSERT INTO Usuario_Telefono (ID_Usuario, Telefono) VALUES
(1, '555-100-0001'),
(2, '555-100-0002'),
(3, '555-100-0003'),
(4, '555-100-0004'),
(5, '555-100-0005'),
(6, '555-100-0006'),
(7, '555-100-0007'),
(8, '555-100-0008'),
(9, '555-100-0009'),
(10, '555-100-0010'),
(11, '555-100-0011'),
(12, '555-100-0012'),
(13, '555-100-0013'),
(14, '555-100-0014'),
(15, '555-100-0015'),
(16, '555-100-0016'),
(17, '555-100-0017'),
(18, '555-100-0018'),
(19, '555-100-0019'),
(20, '555-100-0019'),
(21, '555-100-0019'),
(22, '555-100-0019'),
(23, '555-100-0019'),
(24, '555-100-0019'),
(25, '555-100-0019'),
(26, '555-100-0019'),
(27, '555-100-0019'),
(28, '555-100-0019'),
(29, '555-100-0019'),
(30, '555-100-0019'),
(31, '555-100-0019'),
(32, '555-100-0019'),
(33, '555-100-0019'),
(34, '555-100-0019'),
(35, '555-100-0019'),
(36, '555-100-0019'),
(37, '555-100-0019'),
(38, '555-100-0019'),
(39, '555-100-0019'),
(40, '555-100-0019'),
(41, '555-100-0019'),
(42, '555-100-0019'),
(43, '555-100-0019'),
(44, '555-100-0019'),
(45, '555-100-0019'),
(46, '555-100-0019'),
(47, '555-100-0019'),
(48, '555-100-0019'),
(49, '555-100-0019'),
(50, '555-100-0019');

-- Inserciones para Usuario_Rol (asignando roles "Voluntario" o "Organizador")
INSERT INTO Usuario_Rol (ID_Usuario, Rol) VALUES
(1, 'Voluntario'),
(2, 'Voluntario'),
(3, 'Organizador'),
(4, 'Voluntario'),
(5, 'Organizador'),
(6, 'Voluntario'),
(7, 'Voluntario'),
(8, 'Organizador'),
(9, 'Voluntario'),
(10, 'Voluntario'),
-- Hasta 50 usuarios con roles
(11, 'Voluntario'),
(12, 'Voluntario'),
(13, 'Organizador'),
(14, 'Voluntario'),
(15, 'Voluntario'),
(16, 'Organizador'),
(17, 'Voluntario'),
(18, 'Voluntario'),
(19, 'Organizador'),
(20, 'Voluntario'),
(21, 'Voluntario'),
(22, 'Organizador'),
(23, 'Voluntario'),
(24, 'Voluntario'),
(25, 'Organizador'),
(26, 'Voluntario'),
(27, 'Voluntario'),
(28, 'Organizador'),
(29, 'Voluntario'),
(30, 'Voluntario'),
(31, 'Organizador'),
(32, 'Voluntario'),
(33, 'Voluntario'),
(34, 'Organizador'),
(35, 'Voluntario'),
(36, 'Voluntario'),
(37, 'Organizador'),
(38, 'Voluntario'),
(39, 'Voluntario'),
(40, 'Organizador'),
(41, 'Voluntario'),
(42, 'Voluntario'),
(43, 'Organizador'),
(44, 'Voluntario'),
(45, 'Voluntario'),
(46, 'Organizador'),
(47, 'Voluntario'),
(48, 'Voluntario'),
(49, 'Organizador'),
(50, 'Voluntario');


-- Inserciones para Playa (10 playas)
INSERT INTO Playa (Nombre) VALUES
('Playa Azul'),
('Playa Blanca'),
('Playa Dorada'),
('Playa Sol'),
('Playa Paraíso');


-- Inserciones para Horarios (cada playa con 10 horarios, fechas futuras)
INSERT INTO Horarios (ID_Playa, Fecha, Hora_Inicio, Hora_Fin, Estado, Cupo_Maximo) VALUES
(1, CURRENT_DATE + INTERVAL '2 day', '08:00', '12:00', 'En Proceso', 20),
(1, CURRENT_DATE + INTERVAL '3 day', '14:00', '18:00', 'En Proceso', 20),
(2, CURRENT_DATE + INTERVAL '2 day', '09:00', '13:00', 'En Proceso', 20),
(2, CURRENT_DATE + INTERVAL '4 day', '10:00', '14:00', 'En Proceso', 20),
(3, CURRENT_DATE + INTERVAL '5 day', '08:00', '12:00', 'En Proceso', 20),
(3, CURRENT_DATE + INTERVAL '6 day', '15:00', '19:00', 'En Proceso', 20),
(4, CURRENT_DATE + INTERVAL '7 day', '07:00', '11:00', 'En Proceso', 20),
(4, CURRENT_DATE + INTERVAL '8 day', '13:00', '17:00', 'En Proceso', 20),
(5, CURRENT_DATE + INTERVAL '9 day', '09:00', '13:00', 'En Proceso', 20),
(5, CURRENT_DATE + INTERVAL '10 day', '14:00', '18:00', 'En Proceso', 20);

-- Inserciones para Registro (inscribiendo usuarios voluntarios a horarios)
INSERT INTO Registro (ID_Usuario, ID_Horario) VALUES
(1, 1),
(2, 1),
(4, 2),
(6, 3),
(7, 4),
(9, 5),
(10, 6),
(11, 7),
(12, 8),
(14, 9);

-- Inserciones para Basura (cantidad por horario)
INSERT INTO Basura (ID_Horario, Cantidad_Kg) VALUES
(1, 15.5),
(2, 7.2),
(3, 25.0),
(4, 0.0),
(5, 60.0),
(6, 8.8),
(7, 12.5),
(8, 40.0),
(9, 9.9),
(10, 18.0);

-- Inserciones para Material (5 tipos)
INSERT INTO Material (Nombre) VALUES
('Plástico'),
('Vidrio'),
('Metal'),
('Papel'),
('Orgánico');

-- Inserciones para Basura_Material (cantidad por material en basura)
INSERT INTO Basura_Material (ID_Basura, ID_Material, Cantidad_Kg) VALUES
(1, 1, 5.0),
(1, 2, 3.0),
(1, 5, 7.5),
(2, 3, 2.2),
(3, 1, 10.0),
(3, 4, 15.0),
(4, 5, 0.0),
(5, 1, 30.0),
(5, 2, 10.0),
(6, 3, 8.8),
(7, 4, 12.5),
(8, 1, 20.0),
(9, 5, 9.9),
(10, 2, 18.0);
